-- phpMyAdmin SQL Dump
-- version 4.0.10deb1
-- http://www.phpmyadmin.net
--
-- Host: localhost
-- Generation Time: Nov 01, 2016 at 12:43 AM
-- Server version: 5.5.53-0ubuntu0.14.04.1
-- PHP Version: 5.5.9-1ubuntu4.20

SET FOREIGN_KEY_CHECKS=0;
SET SQL_MODE = "NO_AUTO_VALUE_ON_ZERO";
SET time_zone = "+00:00";


/*!40101 SET @OLD_CHARACTER_SET_CLIENT=@@CHARACTER_SET_CLIENT */;
/*!40101 SET @OLD_CHARACTER_SET_RESULTS=@@CHARACTER_SET_RESULTS */;
/*!40101 SET @OLD_COLLATION_CONNECTION=@@COLLATION_CONNECTION */;
/*!40101 SET NAMES utf8 */;

--
-- Database: `rodrigos_site`
--

--
-- Dumping data for table `maith_album`
--

INSERT INTO `maith_album` (`id`, `name`, `object_id`, `object_class`, `hasonlinevideo`) VALUES
(1, 'main', '1', 'RSantellan\\SitioBundle\\Entity\\ComplexTag', NULL),
(2, 'main', '2', 'RSantellan\\SitioBundle\\Entity\\ComplexTag', NULL),
(3, 'main', '3', 'RSantellan\\SitioBundle\\Entity\\ComplexTag', NULL),
(4, 'main', '4', 'RSantellan\\SitioBundle\\Entity\\ComplexTag', NULL),
(5, 'main', '5', 'RSantellan\\SitioBundle\\Entity\\ComplexTag', NULL),
(6, 'main', '6', 'RSantellan\\SitioBundle\\Entity\\ComplexTag', NULL),
(7, 'main', '7', 'RSantellan\\SitioBundle\\Entity\\ComplexTag', NULL),
(8, 'main', '8', 'RSantellan\\SitioBundle\\Entity\\ComplexTag', NULL),
(9, 'main', '9', 'RSantellan\\SitioBundle\\Entity\\ComplexTag', NULL),
(10, 'main', '10', 'RSantellan\\SitioBundle\\Entity\\ComplexTag', NULL),
(11, 'main', '11', 'RSantellan\\SitioBundle\\Entity\\ComplexTag', NULL),
(12, 'main', '12', 'RSantellan\\SitioBundle\\Entity\\ComplexTag', NULL),
(13, 'main', '13', 'RSantellan\\SitioBundle\\Entity\\ComplexTag', NULL),
(14, 'main', '14', 'RSantellan\\SitioBundle\\Entity\\ComplexTag', NULL),
(15, 'main', '15', 'RSantellan\\SitioBundle\\Entity\\ComplexTag', NULL),
(16, 'main', '16', 'RSantellan\\SitioBundle\\Entity\\ComplexTag', NULL),
(17, 'main', '17', 'RSantellan\\SitioBundle\\Entity\\ComplexTag', NULL),
(18, 'main', '18', 'RSantellan\\SitioBundle\\Entity\\ComplexTag', NULL),
(19, 'main', '19', 'RSantellan\\SitioBundle\\Entity\\ComplexTag', NULL),
(20, 'main', '20', 'RSantellan\\SitioBundle\\Entity\\ComplexTag', NULL),
(21, 'main', '1', 'RSantellan\\SitioBundle\\Entity\\Project', NULL),
(22, 'images', '1', 'RSantellan\\SitioBundle\\Entity\\Project', NULL),
(23, 'main', '2', 'RSantellan\\SitioBundle\\Entity\\Project', NULL),
(24, 'images', '2', 'RSantellan\\SitioBundle\\Entity\\Project', NULL),
(25, 'main', '3', 'RSantellan\\SitioBundle\\Entity\\Project', NULL),
(26, 'images', '3', 'RSantellan\\SitioBundle\\Entity\\Project', NULL),
(27, 'main', '4', 'RSantellan\\SitioBundle\\Entity\\Project', NULL),
(28, 'images', '4', 'RSantellan\\SitioBundle\\Entity\\Project', NULL),
(29, 'main', '5', 'RSantellan\\SitioBundle\\Entity\\Project', NULL),
(30, 'images', '5', 'RSantellan\\SitioBundle\\Entity\\Project', NULL),
(31, 'main', '6', 'RSantellan\\SitioBundle\\Entity\\Project', NULL),
(32, 'images', '6', 'RSantellan\\SitioBundle\\Entity\\Project', NULL),
(33, 'main', '7', 'RSantellan\\SitioBundle\\Entity\\Project', NULL),
(34, 'images', '7', 'RSantellan\\SitioBundle\\Entity\\Project', NULL),
(35, 'main', '8', 'RSantellan\\SitioBundle\\Entity\\Project', NULL),
(36, 'images', '8', 'RSantellan\\SitioBundle\\Entity\\Project', NULL),
(37, 'main', '9', 'RSantellan\\SitioBundle\\Entity\\Project', NULL),
(38, 'images', '9', 'RSantellan\\SitioBundle\\Entity\\Project', NULL),
(39, 'main', '10', 'RSantellan\\SitioBundle\\Entity\\Project', NULL),
(40, 'images', '10', 'RSantellan\\SitioBundle\\Entity\\Project', NULL),
(41, 'main', '21', 'RSantellan\\SitioBundle\\Entity\\ComplexTag', NULL),
(42, 'main', '22', 'RSantellan\\SitioBundle\\Entity\\ComplexTag', NULL),
(43, 'main', '11', 'RSantellan\\SitioBundle\\Entity\\Project', NULL),
(44, 'images', '11', 'RSantellan\\SitioBundle\\Entity\\Project', NULL),
(45, 'main', '12', 'RSantellan\\SitioBundle\\Entity\\Project', NULL),
(46, 'images', '12', 'RSantellan\\SitioBundle\\Entity\\Project', NULL);

--
-- Dumping data for table `maith_file`
--

INSERT INTO `maith_file` (`id`, `album_id`, `orden`, `name`, `path`, `sf_path`, `type`, `show_name`, `onlinevideo`, `created`) VALUES
(1, 1, 29, '52c6a3e6e793a.png', '/home/rodrigosantellan/site/app/../web/upload/album-1', 'upload/album-1', 'image/png', '', NULL, '0000-00-00 00:00:00'),
(2, 2, 30, '52c6a3fe6d95a.png', '/home/rodrigosantellan/site/app/../web/upload/album-2', 'upload/album-2', 'image/png', '', NULL, '0000-00-00 00:00:00'),
(3, 3, 31, '52c6a41a4e6cd.png', '/home/rodrigosantellan/site/app/../web/upload/album-3', 'upload/album-3', 'image/png', '', NULL, '0000-00-00 00:00:00'),
(4, 4, 32, '52c6a43035157.png', '/home/rodrigosantellan/site/app/../web/upload/album-4', 'upload/album-4', 'image/png', '', NULL, '0000-00-00 00:00:00'),
(5, 5, 33, '52c6a44ab577e.png', '/home/rodrigosantellan/site/app/../web/upload/album-5', 'upload/album-5', 'image/png', '', NULL, '0000-00-00 00:00:00'),
(6, 6, 34, '52c6a46416bff.png', '/home/rodrigosantellan/site/app/../web/upload/album-6', 'upload/album-6', 'image/png', '', NULL, '0000-00-00 00:00:00'),
(7, 7, 35, '52c6a47c7ac6f.png', '/home/rodrigosantellan/site/app/../web/upload/album-7', 'upload/album-7', 'image/png', '', NULL, '0000-00-00 00:00:00'),
(8, 8, 36, '52c6a48ca7ab6.png', '/home/rodrigosantellan/site/app/../web/upload/album-8', 'upload/album-8', 'image/png', '', NULL, '0000-00-00 00:00:00'),
(9, 9, 37, '52c6a49e156b7.png', '/home/rodrigosantellan/site/app/../web/upload/album-9', 'upload/album-9', 'image/png', '', NULL, '0000-00-00 00:00:00'),
(10, 10, 38, '52c6a4ae72ef7.png', '/home/rodrigosantellan/site/app/../web/upload/album-10', 'upload/album-10', 'image/png', '', NULL, '0000-00-00 00:00:00'),
(11, 11, 39, '52c6a4cb46c14.png', '/home/rodrigosantellan/site/app/../web/upload/album-11', 'upload/album-11', 'image/png', '', NULL, '0000-00-00 00:00:00'),
(12, 12, 40, '52c6a4dc8406c.png', '/home/rodrigosantellan/site/app/../web/upload/album-12', 'upload/album-12', 'image/png', '', NULL, '0000-00-00 00:00:00'),
(13, 13, 41, '52c6a4eb941f3.png', '/home/rodrigosantellan/site/app/../web/upload/album-13', 'upload/album-13', 'image/png', '', NULL, '0000-00-00 00:00:00'),
(14, 14, 42, '52c6a4fa8cdd9.png', '/home/rodrigosantellan/site/app/../web/upload/album-14', 'upload/album-14', 'image/png', '', NULL, '0000-00-00 00:00:00'),
(15, 15, 43, '52c6a50982ca2.png', '/home/rodrigosantellan/site/app/../web/upload/album-15', 'upload/album-15', 'image/png', '', NULL, '0000-00-00 00:00:00'),
(16, 16, 44, '52c6a51771bdf.png', '/home/rodrigosantellan/site/app/../web/upload/album-16', 'upload/album-16', 'image/png', '', NULL, '0000-00-00 00:00:00'),
(17, 17, 45, '52c6a5227ecf8.png', '/home/rodrigosantellan/site/app/../web/upload/album-17', 'upload/album-17', 'image/png', '', NULL, '0000-00-00 00:00:00'),
(18, 18, 46, '52c6a52e719c2.png', '/home/rodrigosantellan/site/app/../web/upload/album-18', 'upload/album-18', 'image/png', '', NULL, '0000-00-00 00:00:00'),
(19, 19, 47, '52c6a53aeb20c.png', '/home/rodrigosantellan/site/app/../web/upload/album-19', 'upload/album-19', 'image/png', '', NULL, '0000-00-00 00:00:00'),
(20, 20, 48, '52c6a54614af7.png', '/home/rodrigosantellan/site/app/../web/upload/album-20', 'upload/album-20', 'image/png', '', NULL, '0000-00-00 00:00:00'),
(21, 21, 9, '52c6ad58cc5ba.png', '/home/rodrigosantellan/site/app/../web/upload/album-21', 'upload/album-21', 'image/png', '', NULL, '0000-00-00 00:00:00'),
(22, 22, 49, '52c6ad6ae685e.png', '/home/rodrigosantellan/site/app/../web/upload/album-22', 'upload/album-22', 'image/png', '', NULL, '0000-00-00 00:00:00'),
(23, 22, 50, '52c6ad6bdb90e.png', '/home/rodrigosantellan/site/app/../web/upload/album-22', 'upload/album-22', 'image/png', '', NULL, '0000-00-00 00:00:00'),
(24, 22, 51, '52c6ad6d10a31.png', '/home/rodrigosantellan/site/app/../web/upload/album-22', 'upload/album-22', 'image/png', '', NULL, '0000-00-00 00:00:00'),
(25, 23, 52, '52c6ad88e831f.png', '/home/rodrigosantellan/site/app/../web/upload/album-23', 'upload/album-23', 'image/png', '', NULL, '0000-00-00 00:00:00'),
(26, 24, 53, '52c6ad984f06b.png', '/home/rodrigosantellan/site/app/../web/upload/album-24', 'upload/album-24', 'image/png', '', NULL, '0000-00-00 00:00:00'),
(27, 24, 54, '52c6ada49f25e.png', '/home/rodrigosantellan/site/app/../web/upload/album-24', 'upload/album-24', 'image/png', '', NULL, '0000-00-00 00:00:00'),
(28, 24, 55, '52c6ada793c9b.png', '/home/rodrigosantellan/site/app/../web/upload/album-24', 'upload/album-24', 'image/png', '', NULL, '0000-00-00 00:00:00'),
(29, 24, 56, '52c6adaa4bd2e.png', '/home/rodrigosantellan/site/app/../web/upload/album-24', 'upload/album-24', 'image/png', '', NULL, '0000-00-00 00:00:00'),
(30, 24, 57, '52c6adabf2298.png', '/home/rodrigosantellan/site/app/../web/upload/album-24', 'upload/album-24', 'image/png', '', NULL, '0000-00-00 00:00:00'),
(31, 24, 58, '52c6adb4d2603.png', '/home/rodrigosantellan/site/app/../web/upload/album-24', 'upload/album-24', 'image/png', '', NULL, '0000-00-00 00:00:00'),
(32, 25, 59, '52c6ae31b28b6.png', '/home/rodrigosantellan/site/app/../web/upload/album-25', 'upload/album-25', 'image/png', '', NULL, '0000-00-00 00:00:00'),
(33, 26, 60, '52c6ae3e6535a.png', '/home/rodrigosantellan/site/app/../web/upload/album-26', 'upload/album-26', 'image/png', '', NULL, '0000-00-00 00:00:00'),
(34, 26, 61, '52c6ae40c2cec.png', '/home/rodrigosantellan/site/app/../web/upload/album-26', 'upload/album-26', 'image/png', '', NULL, '0000-00-00 00:00:00'),
(35, 26, 62, '52c6ae460f4e0.png', '/home/rodrigosantellan/site/app/../web/upload/album-26', 'upload/album-26', 'image/png', '', NULL, '0000-00-00 00:00:00'),
(36, 29, 63, '52c6ae68dbdfd.png', '/home/rodrigosantellan/site/app/../web/upload/album-29', 'upload/album-29', 'image/png', '', NULL, '0000-00-00 00:00:00'),
(37, 30, 64, '52c6ae71972cd.png', '/home/rodrigosantellan/site/app/../web/upload/album-30', 'upload/album-30', 'image/png', '', NULL, '0000-00-00 00:00:00'),
(38, 30, 65, '52c6ae7343123.png', '/home/rodrigosantellan/site/app/../web/upload/album-30', 'upload/album-30', 'image/png', '', NULL, '0000-00-00 00:00:00'),
(39, 31, 66, '52c6ae8c6b46b.png', '/home/rodrigosantellan/site/app/../web/upload/album-31', 'upload/album-31', 'image/png', '', NULL, '0000-00-00 00:00:00'),
(40, 32, 27, '52c6ae9d4ee62.png', '/home/rodrigosantellan/site/app/../web/upload/album-32', 'upload/album-32', 'image/png', '', NULL, '0000-00-00 00:00:00'),
(41, 32, 28, '52c6ae9f83c7c.png', '/home/rodrigosantellan/site/app/../web/upload/album-32', 'upload/album-32', 'image/png', '', NULL, '0000-00-00 00:00:00'),
(42, 32, 24, '52c6aea145178.png', '/home/rodrigosantellan/site/app/../web/upload/album-32', 'upload/album-32', 'image/png', '', NULL, '0000-00-00 00:00:00'),
(43, 32, 23, '52c6aea336dae.png', '/home/rodrigosantellan/site/app/../web/upload/album-32', 'upload/album-32', 'image/png', '', NULL, '0000-00-00 00:00:00'),
(44, 32, 26, '52c6aea671a72.png', '/home/rodrigosantellan/site/app/../web/upload/album-32', 'upload/album-32', 'image/png', '', NULL, '0000-00-00 00:00:00'),
(45, 32, 25, '52c6aea9097f8.png', '/home/rodrigosantellan/site/app/../web/upload/album-32', 'upload/album-32', 'image/png', '', NULL, '0000-00-00 00:00:00'),
(46, 33, 67, '52c6aee1205df.png', '/home/rodrigosantellan/site/app/../web/upload/album-33', 'upload/album-33', 'image/png', '', NULL, '0000-00-00 00:00:00'),
(47, 34, 18, '52c6aeef60cfe.png', '/home/rodrigosantellan/site/app/../web/upload/album-34', 'upload/album-34', 'image/png', '', NULL, '0000-00-00 00:00:00'),
(48, 34, 15, '52c6aef19a9b2.png', '/home/rodrigosantellan/site/app/../web/upload/album-34', 'upload/album-34', 'image/png', '', NULL, '0000-00-00 00:00:00'),
(49, 34, 20, '52c6aef27c7b3.png', '/home/rodrigosantellan/site/app/../web/upload/album-34', 'upload/album-34', 'image/png', '', NULL, '0000-00-00 00:00:00'),
(50, 34, 22, '52c6aef458018.png', '/home/rodrigosantellan/site/app/../web/upload/album-34', 'upload/album-34', 'image/png', '', NULL, '0000-00-00 00:00:00'),
(51, 34, 21, '52c6aef63240f.png', '/home/rodrigosantellan/site/app/../web/upload/album-34', 'upload/album-34', 'image/png', '', NULL, '0000-00-00 00:00:00'),
(52, 34, 16, '52c6aef8367fd.png', '/home/rodrigosantellan/site/app/../web/upload/album-34', 'upload/album-34', 'image/png', '', NULL, '0000-00-00 00:00:00'),
(53, 34, 19, '52c6aef9ef21d.png', '/home/rodrigosantellan/site/app/../web/upload/album-34', 'upload/album-34', 'image/png', '', NULL, '0000-00-00 00:00:00'),
(54, 34, 17, '52c6aefb39f12.png', '/home/rodrigosantellan/site/app/../web/upload/album-34', 'upload/album-34', 'image/png', '', NULL, '0000-00-00 00:00:00'),
(55, 34, 14, '52c6aefd76e59.png', '/home/rodrigosantellan/site/app/../web/upload/album-34', 'upload/album-34', 'image/png', '', NULL, '0000-00-00 00:00:00'),
(56, 35, 68, '52c6af6ed0ce1.png', '/home/rodrigosantellan/site/app/../web/upload/album-35', 'upload/album-35', 'image/png', '', NULL, '0000-00-00 00:00:00'),
(57, 36, 69, '52c6af7adeae1.png', '/home/rodrigosantellan/site/app/../web/upload/album-36', 'upload/album-36', 'image/png', '', NULL, '0000-00-00 00:00:00'),
(58, 36, 70, '52c6af7fc93da.png', '/home/rodrigosantellan/site/app/../web/upload/album-36', 'upload/album-36', 'image/png', '', NULL, '0000-00-00 00:00:00'),
(59, 36, 71, '52c6af81bc288.png', '/home/rodrigosantellan/site/app/../web/upload/album-36', 'upload/album-36', 'image/png', '', NULL, '0000-00-00 00:00:00'),
(60, 39, 72, '52d03944f3348.png', '/home/rodrigosantellan/site/app/../web/upload/album-39', 'upload/album-39', 'image/png', '', NULL, '0000-00-00 00:00:00'),
(61, 40, 73, '52d039532961d.png', '/home/rodrigosantellan/site/app/../web/upload/album-40', 'upload/album-40', 'image/png', '', NULL, '0000-00-00 00:00:00'),
(62, 40, 74, '52d0395523f48.png', '/home/rodrigosantellan/site/app/../web/upload/album-40', 'upload/album-40', 'image/png', '', NULL, '0000-00-00 00:00:00'),
(63, 40, 75, '52d03956d6eab.png', '/home/rodrigosantellan/site/app/../web/upload/album-40', 'upload/album-40', 'image/png', '', NULL, '0000-00-00 00:00:00'),
(64, 40, 76, '52d03958c5dc1.png', '/home/rodrigosantellan/site/app/../web/upload/album-40', 'upload/album-40', 'image/png', '', NULL, '0000-00-00 00:00:00'),
(65, 37, 77, '52d03a6874b3b.jpg', '/home/rodrigosantellan/site/app/../web/upload/album-37', 'upload/album-37', 'image/jpg', '', NULL, '0000-00-00 00:00:00'),
(66, 38, 13, '52d03a731dc94.jpg', '/home/rodrigosantellan/site/app/../web/upload/album-38', 'upload/album-38', 'image/jpg', '', NULL, '0000-00-00 00:00:00'),
(67, 38, 12, '52d03a74cf810.jpg', '/home/rodrigosantellan/site/app/../web/upload/album-38', 'upload/album-38', 'image/jpg', '', NULL, '0000-00-00 00:00:00'),
(68, 38, 11, '52d03a7a8c2fd.jpg', '/home/rodrigosantellan/site/app/../web/upload/album-38', 'upload/album-38', 'image/jpg', '', NULL, '0000-00-00 00:00:00'),
(69, 21, 8, '52d03acf93bd9.png', '/home/rodrigosantellan/site/app/../web/upload/album-21', 'upload/album-21', 'image/png', '', NULL, '0000-00-00 00:00:00'),
(70, 21, 10, '52d03ad0c9607.png', '/home/rodrigosantellan/site/app/../web/upload/album-21', 'upload/album-21', 'image/png', '', NULL, '0000-00-00 00:00:00'),
(71, 42, 78, '52d3e7bc7687a.png', '/home/rodrigosantellan/site/app/../web/upload/album-42', 'upload/album-42', 'image/png', '', NULL, '0000-00-00 00:00:00'),
(72, 43, 79, '52d3e8576ff64.png', '/home/rodrigosantellan/site/app/../web/upload/album-43', 'upload/album-43', 'image/png', '', NULL, '0000-00-00 00:00:00'),
(73, 43, 80, '52d3e8592a83e.png', '/home/rodrigosantellan/site/app/../web/upload/album-43', 'upload/album-43', 'image/png', '', NULL, '0000-00-00 00:00:00'),
(74, 44, 81, '52d3e86dba13f.png', '/home/rodrigosantellan/site/app/../web/upload/album-44', 'upload/album-44', 'image/png', '', NULL, '0000-00-00 00:00:00'),
(75, 44, 82, '52d3e86f791af.png', '/home/rodrigosantellan/site/app/../web/upload/album-44', 'upload/album-44', 'image/png', '', NULL, '0000-00-00 00:00:00'),
(76, 44, 83, '52d3e8706d392.png', '/home/rodrigosantellan/site/app/../web/upload/album-44', 'upload/album-44', 'image/png', '', NULL, '0000-00-00 00:00:00'),
(77, 44, 84, '52d3e871d6384.png', '/home/rodrigosantellan/site/app/../web/upload/album-44', 'upload/album-44', 'image/png', '', NULL, '0000-00-00 00:00:00'),
(78, 44, 85, '52d3e8730ac74.png', '/home/rodrigosantellan/site/app/../web/upload/album-44', 'upload/album-44', 'image/png', '', NULL, '0000-00-00 00:00:00'),
(79, 44, 86, '52d3e87437f01.png', '/home/rodrigosantellan/site/app/../web/upload/album-44', 'upload/album-44', 'image/png', '', NULL, '0000-00-00 00:00:00'),
(80, 44, 87, '52d3e875610f0.png', '/home/rodrigosantellan/site/app/../web/upload/album-44', 'upload/album-44', 'image/png', '', NULL, '0000-00-00 00:00:00'),
(81, 44, 88, '52d3e8768aae7.png', '/home/rodrigosantellan/site/app/../web/upload/album-44', 'upload/album-44', 'image/png', '', NULL, '0000-00-00 00:00:00'),
(82, 44, 89, '52d3e87799c18.png', '/home/rodrigosantellan/site/app/../web/upload/album-44', 'upload/album-44', 'image/png', '', NULL, '0000-00-00 00:00:00'),
(83, 44, 90, '52d3e878c1b54.png', '/home/rodrigosantellan/site/app/../web/upload/album-44', 'upload/album-44', 'image/png', '', NULL, '0000-00-00 00:00:00'),
(84, 44, 91, '52d3e879c3fc2.png', '/home/rodrigosantellan/site/app/../web/upload/album-44', 'upload/album-44', 'image/png', '', NULL, '0000-00-00 00:00:00'),
(85, 44, 92, '52d3e87aeab83.png', '/home/rodrigosantellan/site/app/../web/upload/album-44', 'upload/album-44', 'image/png', '', NULL, '0000-00-00 00:00:00'),
(86, 44, 93, '52d3e87c1f758.png', '/home/rodrigosantellan/site/app/../web/upload/album-44', 'upload/album-44', 'image/png', '', NULL, '0000-00-00 00:00:00'),
(87, 44, 94, '52d3e87d5feb4.png', '/home/rodrigosantellan/site/app/../web/upload/album-44', 'upload/album-44', 'image/png', '', NULL, '0000-00-00 00:00:00'),
(88, 44, 95, '52d3e87e9010f.png', '/home/rodrigosantellan/site/app/../web/upload/album-44', 'upload/album-44', 'image/png', '', NULL, '0000-00-00 00:00:00'),
(89, 44, 96, '52d3e87fb4b51.png', '/home/rodrigosantellan/site/app/../web/upload/album-44', 'upload/album-44', 'image/png', '', NULL, '0000-00-00 00:00:00'),
(90, 44, 97, '52d3e88104191.png', '/home/rodrigosantellan/site/app/../web/upload/album-44', 'upload/album-44', 'image/png', '', NULL, '0000-00-00 00:00:00'),
(91, 44, 98, '52d3e882330a3.png', '/home/rodrigosantellan/site/app/../web/upload/album-44', 'upload/album-44', 'image/png', '', NULL, '0000-00-00 00:00:00'),
(92, 44, 99, '52d3e8835e442.png', '/home/rodrigosantellan/site/app/../web/upload/album-44', 'upload/album-44', 'image/png', '', NULL, '0000-00-00 00:00:00'),
(93, 44, 100, '52d3e8849f146.png', '/home/rodrigosantellan/site/app/../web/upload/album-44', 'upload/album-44', 'image/png', '', NULL, '0000-00-00 00:00:00'),
(94, 44, 101, '52d3e885ed18b.png', '/home/rodrigosantellan/site/app/../web/upload/album-44', 'upload/album-44', 'image/png', '', NULL, '0000-00-00 00:00:00'),
(95, 44, 102, '52d3e887200a4.png', '/home/rodrigosantellan/site/app/../web/upload/album-44', 'upload/album-44', 'image/png', '', NULL, '0000-00-00 00:00:00'),
(96, 44, 103, '52d3e8885b49f.png', '/home/rodrigosantellan/site/app/../web/upload/album-44', 'upload/album-44', 'image/png', '', NULL, '0000-00-00 00:00:00'),
(97, 44, 104, '52d3e889a3515.png', '/home/rodrigosantellan/site/app/../web/upload/album-44', 'upload/album-44', 'image/png', '', NULL, '0000-00-00 00:00:00'),
(98, 44, 105, '52d3e88acddef.png', '/home/rodrigosantellan/site/app/../web/upload/album-44', 'upload/album-44', 'image/png', '', NULL, '0000-00-00 00:00:00'),
(99, 44, 106, '52d3e88c11785.png', '/home/rodrigosantellan/site/app/../web/upload/album-44', 'upload/album-44', 'image/png', '', NULL, '0000-00-00 00:00:00'),
(100, 44, 107, '52d3e88d53b22.png', '/home/rodrigosantellan/site/app/../web/upload/album-44', 'upload/album-44', 'image/png', '', NULL, '0000-00-00 00:00:00'),
(101, 44, 108, '52d3e88e7e8c0.png', '/home/rodrigosantellan/site/app/../web/upload/album-44', 'upload/album-44', 'image/png', '', NULL, '0000-00-00 00:00:00'),
(102, 44, 109, '52d3e88fab148.png', '/home/rodrigosantellan/site/app/../web/upload/album-44', 'upload/album-44', 'image/png', '', NULL, '0000-00-00 00:00:00'),
(103, 44, 110, '52d3e890e93ef.png', '/home/rodrigosantellan/site/app/../web/upload/album-44', 'upload/album-44', 'image/png', '', NULL, '0000-00-00 00:00:00'),
(104, 44, 111, '52d3e89225d47.png', '/home/rodrigosantellan/site/app/../web/upload/album-44', 'upload/album-44', 'image/png', '', NULL, '0000-00-00 00:00:00'),
(105, 44, 112, '52d3e89353750.png', '/home/rodrigosantellan/site/app/../web/upload/album-44', 'upload/album-44', 'image/png', '', NULL, '0000-00-00 00:00:00'),
(106, 44, 113, '52d3e8948d0a5.png', '/home/rodrigosantellan/site/app/../web/upload/album-44', 'upload/album-44', 'image/png', '', NULL, '0000-00-00 00:00:00'),
(107, 45, 114, '5537daefb5a86.png', '/home/rodrigosantellan/site/app/../web/upload/album-45', 'upload/album-45', 'image/png', '', NULL, '0000-00-00 00:00:00'),
(108, 46, 1, '5537dafa629b0.png', '/home/rodrigosantellan/site/app/../web/upload/album-46', 'upload/album-46', 'image/png', '', NULL, '0000-00-00 00:00:00'),
(109, 46, 2, '5537dafcb3cf8.png', '/home/rodrigosantellan/site/app/../web/upload/album-46', 'upload/album-46', 'image/png', '', NULL, '0000-00-00 00:00:00'),
(110, 46, 3, '5537db026dc8e.png', '/home/rodrigosantellan/site/app/../web/upload/album-46', 'upload/album-46', 'image/png', '', NULL, '0000-00-00 00:00:00'),
(111, 46, 0, '5537db05557af.png', '/home/rodrigosantellan/site/app/../web/upload/album-46', 'upload/album-46', 'image/png', '', NULL, '0000-00-00 00:00:00'),
(112, 46, 4, '5537db07adeee.png', '/home/rodrigosantellan/site/app/../web/upload/album-46', 'upload/album-46', 'image/png', '', NULL, '0000-00-00 00:00:00'),
(113, 46, 5, '5537db08a42d8.png', '/home/rodrigosantellan/site/app/../web/upload/album-46', 'upload/album-46', 'image/png', '', NULL, '0000-00-00 00:00:00'),
(114, 46, 6, '5537db0b225c0.png', '/home/rodrigosantellan/site/app/../web/upload/album-46', 'upload/album-46', 'image/png', '', NULL, '0000-00-00 00:00:00'),
(115, 46, 7, '5537db0d7f8dc.png', '/home/rodrigosantellan/site/app/../web/upload/album-46', 'upload/album-46', 'image/png', '', NULL, '0000-00-00 00:00:00'),
(116, 28, 115, '5537dd3bcc2ca.png', '/home/rodrigosantellan/site/app/../web/upload/album-28', 'upload/album-28', 'image/png', '', NULL, '0000-00-00 00:00:00'),
(117, 28, 116, '5537dd3f9f8f0.png', '/home/rodrigosantellan/site/app/../web/upload/album-28', 'upload/album-28', 'image/png', '', NULL, '0000-00-00 00:00:00'),
(118, 28, 117, '5537dd4299009.png', '/home/rodrigosantellan/site/app/../web/upload/album-28', 'upload/album-28', 'image/png', '', NULL, '0000-00-00 00:00:00'),
(119, 27, 118, '5537e51d596f6.png', '/home/rodrigosantellan/site/app/../web/upload/album-27', 'upload/album-27', 'image/png', '', NULL, '0000-00-00 00:00:00');

--
-- Dumping data for table `rs_category`
--

INSERT INTO `rs_category` (`id`, `name`, `orden`, `slug`) VALUES
(1, 'Sitios web', 0, 'web-sites'),
(2, 'Scripting', 1, 'scripting'),
(3, 'Wordpress', 2, 'wordpress'),
(4, 'Escritorio', 3, 'desktop');

--
-- Dumping data for table `rs_category_translations`
--

INSERT INTO `rs_category_translations` (`id`, `locale`, `object_class`, `field`, `foreign_key`, `content`) VALUES
(1, 'es', 'RSantellan\\SitioBundle\\Entity\\Category', 'name', '1', 'Sitios web'),
(2, 'es', 'RSantellan\\SitioBundle\\Entity\\Category', 'name', '2', 'Scripting'),
(3, 'es', 'RSantellan\\SitioBundle\\Entity\\Category', 'name', '3', 'Wordpress'),
(4, 'en', 'RSantellan\\SitioBundle\\Entity\\Category', 'name', '1', 'Web sites'),
(5, 'en', 'RSantellan\\SitioBundle\\Entity\\Category', 'name', '2', 'scripting'),
(6, 'en', 'RSantellan\\SitioBundle\\Entity\\Category', 'name', '3', 'wordpress'),
(7, 'es', 'RSantellan\\SitioBundle\\Entity\\Category', 'name', '4', 'Escritorio'),
(8, 'en', 'RSantellan\\SitioBundle\\Entity\\Category', 'name', '4', 'Desktop');

--
-- Dumping data for table `rs_complex_tag`
--

INSERT INTO `rs_complex_tag` (`id`, `name`, `description`, `orden`) VALUES
(1, 'PHP', 'Sitio creado en lenguaje PHP', 0),
(2, 'Javascript', 'Este sitio contiene uso importante de javascript', 1),
(3, 'JQuery', 'Este sitio esta creado con JQuery', 2),
(4, 'JQuery UI', 'Este sitio tiene efectos creados con JQuery UI', 3),
(5, 'Slideshows', 'Este sitio contiene efectos de imagenes creados con sliders', 4),
(6, 'MySQL', 'Se maneja una base de datos MySQL', 5),
(7, 'SQLite', 'Se maneja una base de datos SQLite', 6),
(8, 'Python', 'El lenguaje de programacion fue Python', 7),
(9, 'Oracle', 'Se maneja una base de datos Oracle', 8),
(10, 'Wordpress', 'Sitio creado en wordpress', 9),
(11, 'Codeigniter', 'Sitio creado con Codeigniter', 10),
(12, 'Symfony 1.4', 'Sitio creado con Symfony 1.4', 11),
(13, 'Symfony 2', 'Sitio creado con Symfony 2', 12),
(14, 'Bash', 'Scripting en Bash', 13),
(15, 'Web scrapping', 'Analisis y guardado de sitios web', 14),
(16, 'Formularios', 'Se manejan formularios complejos en este sitio', 15),
(17, 'Foro', 'Se maneja un foro en este sitio', 16),
(18, 'Textos dinamicos', 'Todos los textos son editables', 17),
(19, 'Diseño', 'El diseño fue creado', 18),
(20, 'HTML Creado', 'A partir de un psd se creo la pagina', 19),
(21, 'Integracion con e-commerce', 'El sitio soporta medios de pagos', 20),
(22, 'Java', 'Este programa utiliza Java', 21);

--
-- Dumping data for table `rs_complex_tag_translations`
--

INSERT INTO `rs_complex_tag_translations` (`id`, `locale`, `object_class`, `field`, `foreign_key`, `content`) VALUES
(1, 'es', 'RSantellan\\SitioBundle\\Entity\\ComplexTag', 'name', '1', 'PHP'),
(2, 'es', 'RSantellan\\SitioBundle\\Entity\\ComplexTag', 'description', '1', 'Sitio creado en lenguaje PHP'),
(3, 'es', 'RSantellan\\SitioBundle\\Entity\\ComplexTag', 'name', '2', 'Javascript'),
(4, 'es', 'RSantellan\\SitioBundle\\Entity\\ComplexTag', 'description', '2', 'Este sitio contiene uso importante de javascript'),
(5, 'es', 'RSantellan\\SitioBundle\\Entity\\ComplexTag', 'name', '3', 'JQuery'),
(6, 'es', 'RSantellan\\SitioBundle\\Entity\\ComplexTag', 'description', '3', 'Este sitio esta creado con JQuery'),
(7, 'es', 'RSantellan\\SitioBundle\\Entity\\ComplexTag', 'name', '4', 'JQuery UI'),
(8, 'es', 'RSantellan\\SitioBundle\\Entity\\ComplexTag', 'description', '4', 'Este sitio tiene efectos creados con JQuery UI'),
(9, 'es', 'RSantellan\\SitioBundle\\Entity\\ComplexTag', 'name', '5', 'Slideshows'),
(10, 'es', 'RSantellan\\SitioBundle\\Entity\\ComplexTag', 'description', '5', 'Este sitio contiene efectos de imagenes creados con sliders'),
(11, 'es', 'RSantellan\\SitioBundle\\Entity\\ComplexTag', 'name', '6', 'MySQL'),
(12, 'es', 'RSantellan\\SitioBundle\\Entity\\ComplexTag', 'description', '6', 'Se maneja una base de datos MySQL'),
(13, 'es', 'RSantellan\\SitioBundle\\Entity\\ComplexTag', 'name', '7', 'SQLite'),
(14, 'es', 'RSantellan\\SitioBundle\\Entity\\ComplexTag', 'description', '7', 'Se maneja una base de datos SQLite'),
(15, 'es', 'RSantellan\\SitioBundle\\Entity\\ComplexTag', 'name', '8', 'Python'),
(16, 'es', 'RSantellan\\SitioBundle\\Entity\\ComplexTag', 'description', '8', 'El lenguaje de programacion fue Python'),
(17, 'es', 'RSantellan\\SitioBundle\\Entity\\ComplexTag', 'name', '9', 'Oracle'),
(18, 'es', 'RSantellan\\SitioBundle\\Entity\\ComplexTag', 'description', '9', 'Se maneja una base de datos Oracle'),
(19, 'es', 'RSantellan\\SitioBundle\\Entity\\ComplexTag', 'name', '10', 'Wordpress'),
(20, 'es', 'RSantellan\\SitioBundle\\Entity\\ComplexTag', 'description', '10', 'Sitio creado en wordpress'),
(21, 'es', 'RSantellan\\SitioBundle\\Entity\\ComplexTag', 'name', '11', 'Codeigniter'),
(22, 'es', 'RSantellan\\SitioBundle\\Entity\\ComplexTag', 'description', '11', 'Sitio creado con Codeigniter'),
(23, 'es', 'RSantellan\\SitioBundle\\Entity\\ComplexTag', 'name', '12', 'Symfony 1.4'),
(24, 'es', 'RSantellan\\SitioBundle\\Entity\\ComplexTag', 'description', '12', 'Sitio creado con Symfony 1.4'),
(25, 'es', 'RSantellan\\SitioBundle\\Entity\\ComplexTag', 'name', '13', 'Symfony 2'),
(26, 'es', 'RSantellan\\SitioBundle\\Entity\\ComplexTag', 'description', '13', 'Sitio creado con Symfony 2'),
(27, 'es', 'RSantellan\\SitioBundle\\Entity\\ComplexTag', 'name', '14', 'Bash'),
(28, 'es', 'RSantellan\\SitioBundle\\Entity\\ComplexTag', 'description', '14', 'Scripting en Bash'),
(29, 'es', 'RSantellan\\SitioBundle\\Entity\\ComplexTag', 'name', '15', 'Web scrapping'),
(30, 'es', 'RSantellan\\SitioBundle\\Entity\\ComplexTag', 'description', '15', 'Analisis y guardado de sitios web'),
(31, 'es', 'RSantellan\\SitioBundle\\Entity\\ComplexTag', 'name', '16', 'Formularios'),
(32, 'es', 'RSantellan\\SitioBundle\\Entity\\ComplexTag', 'description', '16', 'Se manejan formularios complejos en este sitio'),
(33, 'es', 'RSantellan\\SitioBundle\\Entity\\ComplexTag', 'name', '17', 'Foro'),
(34, 'es', 'RSantellan\\SitioBundle\\Entity\\ComplexTag', 'description', '17', 'Se maneja un foro en este sitio'),
(35, 'es', 'RSantellan\\SitioBundle\\Entity\\ComplexTag', 'name', '18', 'Textos dinamicos'),
(36, 'es', 'RSantellan\\SitioBundle\\Entity\\ComplexTag', 'description', '18', 'Todos los textos son editables'),
(37, 'es', 'RSantellan\\SitioBundle\\Entity\\ComplexTag', 'name', '19', 'Diseño'),
(38, 'es', 'RSantellan\\SitioBundle\\Entity\\ComplexTag', 'description', '19', 'El diseño fue creado'),
(39, 'es', 'RSantellan\\SitioBundle\\Entity\\ComplexTag', 'name', '20', 'HTML Creado'),
(40, 'es', 'RSantellan\\SitioBundle\\Entity\\ComplexTag', 'description', '20', 'A partir de un psd se creo la pagina'),
(41, 'es', 'RSantellan\\SitioBundle\\Entity\\ComplexTag', 'name', '21', 'Integracion con e-commerce'),
(42, 'es', 'RSantellan\\SitioBundle\\Entity\\ComplexTag', 'description', '21', 'El sitio soporta medios de pagos'),
(43, 'en', 'RSantellan\\SitioBundle\\Entity\\ComplexTag', 'name', '1', 'PHP'),
(44, 'en', 'RSantellan\\SitioBundle\\Entity\\ComplexTag', 'description', '1', 'This site was created using php'),
(45, 'en', 'RSantellan\\SitioBundle\\Entity\\ComplexTag', 'name', '2', 'Javascript'),
(46, 'en', 'RSantellan\\SitioBundle\\Entity\\ComplexTag', 'description', '2', 'This site has important use of Javascript'),
(47, 'en', 'RSantellan\\SitioBundle\\Entity\\ComplexTag', 'name', '3', 'JQuery'),
(48, 'en', 'RSantellan\\SitioBundle\\Entity\\ComplexTag', 'description', '3', 'This site use JQuery framework'),
(49, 'en', 'RSantellan\\SitioBundle\\Entity\\ComplexTag', 'name', '4', 'JQuery UI'),
(50, 'en', 'RSantellan\\SitioBundle\\Entity\\ComplexTag', 'description', '4', 'This site use JQuery UI framework'),
(51, 'en', 'RSantellan\\SitioBundle\\Entity\\ComplexTag', 'name', '5', 'Slideshows'),
(52, 'en', 'RSantellan\\SitioBundle\\Entity\\ComplexTag', 'description', '5', 'This site has image effects created with slideshows'),
(53, 'en', 'RSantellan\\SitioBundle\\Entity\\ComplexTag', 'name', '6', 'MySQL'),
(54, 'en', 'RSantellan\\SitioBundle\\Entity\\ComplexTag', 'description', '6', 'This project manage a MySQL database'),
(55, 'en', 'RSantellan\\SitioBundle\\Entity\\ComplexTag', 'name', '7', 'SQLite'),
(56, 'en', 'RSantellan\\SitioBundle\\Entity\\ComplexTag', 'description', '7', 'This project manage a SQLite database'),
(57, 'en', 'RSantellan\\SitioBundle\\Entity\\ComplexTag', 'name', '8', 'Python'),
(58, 'en', 'RSantellan\\SitioBundle\\Entity\\ComplexTag', 'description', '8', 'The language of programming is Python'),
(59, 'en', 'RSantellan\\SitioBundle\\Entity\\ComplexTag', 'name', '9', 'Oracle'),
(60, 'en', 'RSantellan\\SitioBundle\\Entity\\ComplexTag', 'description', '9', 'This project manage an Oracle database'),
(61, 'en', 'RSantellan\\SitioBundle\\Entity\\ComplexTag', 'name', '10', 'Wordpress'),
(62, 'en', 'RSantellan\\SitioBundle\\Entity\\ComplexTag', 'description', '10', 'This site was created with Wordpress'),
(63, 'en', 'RSantellan\\SitioBundle\\Entity\\ComplexTag', 'name', '11', 'Codeigniter'),
(64, 'en', 'RSantellan\\SitioBundle\\Entity\\ComplexTag', 'description', '11', 'Site created with Codeigniter'),
(65, 'en', 'RSantellan\\SitioBundle\\Entity\\ComplexTag', 'name', '12', 'Symfony 1.4'),
(66, 'en', 'RSantellan\\SitioBundle\\Entity\\ComplexTag', 'description', '12', 'Site created with Symfony 1.4'),
(67, 'en', 'RSantellan\\SitioBundle\\Entity\\ComplexTag', 'name', '13', 'Symfony 2'),
(68, 'en', 'RSantellan\\SitioBundle\\Entity\\ComplexTag', 'description', '13', 'Site created with Symfony 2'),
(69, 'en', 'RSantellan\\SitioBundle\\Entity\\ComplexTag', 'name', '14', 'Bash'),
(70, 'en', 'RSantellan\\SitioBundle\\Entity\\ComplexTag', 'description', '14', 'Scripting in Bash'),
(71, 'en', 'RSantellan\\SitioBundle\\Entity\\ComplexTag', 'name', '15', 'Web scrapping'),
(72, 'en', 'RSantellan\\SitioBundle\\Entity\\ComplexTag', 'description', '15', 'Web sites analytics and data gathering'),
(73, 'en', 'RSantellan\\SitioBundle\\Entity\\ComplexTag', 'name', '16', 'Forms'),
(74, 'en', 'RSantellan\\SitioBundle\\Entity\\ComplexTag', 'description', '16', 'This site manage complex forms'),
(75, 'en', 'RSantellan\\SitioBundle\\Entity\\ComplexTag', 'name', '17', 'Dynamic text'),
(76, 'en', 'RSantellan\\SitioBundle\\Entity\\ComplexTag', 'description', '17', 'All the texts of the site are editable'),
(77, 'en', 'RSantellan\\SitioBundle\\Entity\\ComplexTag', 'name', '18', 'Design'),
(78, 'en', 'RSantellan\\SitioBundle\\Entity\\ComplexTag', 'description', '18', 'The design was created'),
(79, 'en', 'RSantellan\\SitioBundle\\Entity\\ComplexTag', 'name', '19', 'HTML Created'),
(80, 'en', 'RSantellan\\SitioBundle\\Entity\\ComplexTag', 'description', '19', 'From a PSD the site was created.'),
(81, 'en', 'RSantellan\\SitioBundle\\Entity\\ComplexTag', 'name', '20', 'E-Commerce integration'),
(82, 'en', 'RSantellan\\SitioBundle\\Entity\\ComplexTag', 'description', '20', 'This site support different payment methods'),
(83, 'es', 'RSantellan\\SitioBundle\\Entity\\ComplexTag', 'name', '22', 'Java'),
(84, 'es', 'RSantellan\\SitioBundle\\Entity\\ComplexTag', 'description', '22', 'Este programa utiliza Java'),
(85, 'en', 'RSantellan\\SitioBundle\\Entity\\ComplexTag', 'name', '22', 'Java'),
(86, 'en', 'RSantellan\\SitioBundle\\Entity\\ComplexTag', 'description', '22', 'This program use Java');

--
-- Dumping data for table `rs_project`
--

INSERT INTO `rs_project` (`id`, `name`, `cliente`, `tipo_de_trabajo`, `description`, `orden`, `slug`) VALUES
(1, 'UMS', 'Ums', 'Mantenimiento del sitio.', 'A este sitio se le hizo el mantenimiento inicial para que el mismo funcione. Con el cual el mismo pudo salir a producción.', 0, 'ums'),
(2, 'C5 Negocios Inmobiliarios', 'C5 Negocios Inmobiliarios', 'Sitio web para buscar propiedades para alquilar y comprar.', 'Este sitio web esta destinado para que sea facil subir las propiedades para que los potenciales clientes puedan  buscar las mismas pudiendo tener una primera aproximación a traves de las imagenes subidas.', 1, 'c5-negocios-inmobiliarios'),
(3, 'Rent and Chill', 'Rent and Chill', 'Mantenimiento del sitio.', 'A este sitio se le hizo el mantenimiento inicial para que el mismo funcione. Se le creo y mejoro el sistema de newsletter para que soporte todos los mismos, se integro con PayPal y se mejoro el administrador.', 2, 'rent-and-chill'),
(4, 'Airsoft Uruguay', 'Airsoft Uruguay', 'Creación del sitio y del foro', 'Este sitio web se creo para remplazar el viejo foro que se estaba utilizando. El mismo se creo en Wordpress para agilizar el funcionamiento del mismo. Se le adaptaron varios plugins para que el manejo de imagenes, videos y el foro se facilmente utilizable y pueda ser una transición facil para los usuarios.Al mismo se le hace un manteniento para que continue funcionando agilmente.', 3, 'airsoft-uruguay'),
(5, 'Accu-check Uruguay', 'Accu-check Uruguay', 'Sitio web con registro de todos los productos vendidos', 'Este sitio web esta destinado para la facil busqueda de todos los productos vendidos.  El mismo es privado para los usuarios que trabajan en la empresa y les permite buscar facilmente los usuarios a quien les vendieron los productos.  Con un sistema de subir facturas y agregar personas facilmente se pueden localizar todas las ventas realizadas en segundos para una rapida respuesta al cliente final. ', 4, 'accu-check-uruguay'),
(6, 'Metalizadora Uruguaya', 'Metalizadora Uruguaya', 'Sitio web con registro de proyectos realizados', 'Con este sitio Metalizadora uruguaya puede subir todos los projectos realizados con las categorias que los corresponden sin necesitar a una persona tecnica que lo realice. Todos los textos de la pagina son editable haciendo posible que se vaya cambiando los mismos sin conocimiento previo de HTML o CSS', 5, 'metalizadora-uruguaya'),
(7, 'CNEA', 'CNEA', 'Sitio web con registro de personas y instituciones', 'Con este sitio CNEA pasa a tener el control de los nuevos registros mediante formularios web, haciendo posible el mejor mantenimiento de los ingresados y las fechas de vencimiento de los mismos. Gracias al manejo de alarmas del Administrador el funcionamiento y las inscripciones se a agilizado', 6, 'cnea'),
(8, 'Surco Uruguay', 'Surco Uruguay', 'Sitio web con una trivia para los escolares del plan ceibal', 'Este sitio web esta destinado para que los escolares utilicen aprendan sobre las nuevas normas de vialidad en Uruguay. En la misma van contestan preguntas multiple opción haciendo que el semaforo se prende en relación a las preguntas.', 7, 'surco-uruguay'),
(9, 'Data analytics', 'Data analytics', 'Obtención de datos a traves de script para obtener datos de paginas web', 'Mediante web scrapping se obtuvieron todos los datos necesarios para popular una base de datos con datos obtenidos de diferentes sitios web', 8, 'data-analytics'),
(10, 'Rodrigo Santellan', 'Rodrigo Santellán', 'Sitio intitucional', 'Creación del sitio que estas viendo!', 9, 'rodrigo-santellan'),
(11, 'Manejador de Trasplantes', 'HHEE', 'Sistema para ingresar los trasplantes realizados por el equipo medico del HHEE', 'Sistema de escritorio creado para que se pueda ingresar los datos de los trasplantes y sacar estadísticas de los mismos de una manera sencilla.', 10, 'manejador-de-trasplantes'),
(12, 'Federación Ecuestre Uruguaya', 'Federación Ecuestre Uruguaya', 'Se le crea la página institucional de la Federación Ecuestre Uruguaya', 'Se migro del sitio viejo hecho en flash a una web responsiva que pueda ser facilmente editable por el administrador del sitio.', 11, 'federacion-ecuestre-uruguaya');

--
-- Dumping data for table `rs_project_category`
--

INSERT INTO `rs_project_category` (`project_id`, `category_id`) VALUES
(1, 1),
(1, 2),
(2, 1),
(3, 1),
(3, 2),
(4, 1),
(4, 2),
(4, 3),
(5, 1),
(6, 1),
(7, 1),
(8, 1),
(9, 2),
(10, 1),
(10, 2),
(11, 4),
(12, 1);

--
-- Dumping data for table `rs_project_complex_tag`
--

INSERT INTO `rs_project_complex_tag` (`project_id`, `complextag_id`) VALUES
(1, 1),
(1, 2),
(1, 3),
(1, 6),
(1, 8),
(1, 14),
(1, 15),
(1, 20),
(2, 1),
(2, 2),
(2, 3),
(2, 4),
(2, 6),
(2, 11),
(2, 16),
(2, 18),
(3, 1),
(3, 2),
(3, 3),
(3, 4),
(3, 5),
(3, 6),
(3, 10),
(3, 14),
(3, 16),
(3, 18),
(3, 21),
(4, 1),
(4, 2),
(4, 3),
(4, 4),
(4, 5),
(4, 6),
(4, 10),
(4, 14),
(4, 16),
(4, 19),
(4, 20),
(5, 1),
(5, 2),
(5, 3),
(5, 4),
(5, 6),
(5, 11),
(5, 16),
(5, 18),
(6, 1),
(6, 2),
(6, 3),
(6, 4),
(6, 5),
(6, 6),
(6, 11),
(6, 18),
(7, 1),
(7, 2),
(7, 3),
(7, 4),
(7, 6),
(7, 11),
(7, 16),
(7, 18),
(8, 1),
(8, 2),
(8, 3),
(8, 4),
(8, 6),
(8, 20),
(9, 8),
(9, 14),
(9, 15),
(10, 1),
(10, 2),
(10, 3),
(10, 4),
(10, 5),
(10, 6),
(10, 8),
(10, 13),
(10, 14),
(10, 15),
(10, 18),
(10, 19),
(10, 20),
(11, 6),
(11, 19),
(11, 22),
(12, 1),
(12, 3),
(12, 4),
(12, 5),
(12, 6),
(12, 11),
(12, 18),
(12, 19),
(12, 20);

--
-- Dumping data for table `rs_project_translations`
--

INSERT INTO `rs_project_translations` (`id`, `locale`, `object_class`, `field`, `foreign_key`, `content`) VALUES
(1, 'es', 'RSantellan\\SitioBundle\\Entity\\Project', 'name', '1', 'UMS'),
(2, 'es', 'RSantellan\\SitioBundle\\Entity\\Project', 'tipo_de_trabajo', '1', 'Mantenimiento del sitio.'),
(3, 'es', 'RSantellan\\SitioBundle\\Entity\\Project', 'description', '1', 'Se hizo el mantenimiento inicial para que el sitio pueda pasar de la etapa de testing a producción.\r\nEl mismo maneja códigos de celular para hacer campañas con usuarios registrados.'),
(4, 'es', 'RSantellan\\SitioBundle\\Entity\\Project', 'name', '2', 'C5 Negocios Inmobiliarios'),
(5, 'es', 'RSantellan\\SitioBundle\\Entity\\Project', 'tipo_de_trabajo', '2', 'Sitio web de búsqueda de propiedades para alquilar y comprar.'),
(6, 'es', 'RSantellan\\SitioBundle\\Entity\\Project', 'description', '2', 'El objetivo de este sitio es tener un portal donde las propiedades sean visibles. Una de sus características esenciales es que cualquier empleado puede subir las propiedades, dado que resulta muy fácil hacerlo. \r\n\r\nLos usuarios del sitio pueden hacer consultas y búsquedas para encontrar lo que estén necesitando.'),
(7, 'es', 'RSantellan\\SitioBundle\\Entity\\Project', 'name', '3', 'Rent and Chill'),
(8, 'es', 'RSantellan\\SitioBundle\\Entity\\Project', 'tipo_de_trabajo', '3', 'Mantenimiento del sitio.'),
(9, 'es', 'RSantellan\\SitioBundle\\Entity\\Project', 'description', '3', 'Se hizo el mantenimiento inicial para que el sitio funcione. Se creo y mejoró el sistema de newsletter para que soporte envíos masivos. Se integró con PayPal y mejoró el administrador.'),
(10, 'es', 'RSantellan\\SitioBundle\\Entity\\Project', 'name', '4', 'Airsoft Uruguay'),
(11, 'es', 'RSantellan\\SitioBundle\\Entity\\Project', 'tipo_de_trabajo', '4', 'Creación del sitio y del foro'),
(12, 'es', 'RSantellan\\SitioBundle\\Entity\\Project', 'description', '4', 'Este sitio web se creó para reemplazar el foro que estaba siendo utilizado. Para agilizar su funcionamiento dicho sitio se creó en Wordpress. Se adaptaron varios plugins para facilitar el manejo y la utilización de imágenes, vídeos y del respectivo foro. La idea fue lograr una transición sencilla para los usuarios. A su vez se realiza mantenimiento del sitio para que continúe funcionando ágilmente.'),
(13, 'es', 'RSantellan\\SitioBundle\\Entity\\Project', 'name', '5', 'Accu-check Uruguay'),
(14, 'es', 'RSantellan\\SitioBundle\\Entity\\Project', 'tipo_de_trabajo', '5', 'Sitio web con registro de todos los productos vendidos'),
(15, 'es', 'RSantellan\\SitioBundle\\Entity\\Project', 'description', '5', 'Este sitio web esta destinado para la facil busqueda de todos los productos vendidos.  El mismo es privado para los usuarios que trabajan en la empresa y les permite buscar facilmente los usuarios a quien les vendieron los productos.  Con un sistema de subir facturas y agregar personas facilmente se pueden localizar todas las ventas realizadas en segundos para una rapida respuesta al cliente final. '),
(16, 'es', 'RSantellan\\SitioBundle\\Entity\\Project', 'name', '6', 'Metalizadora Uruguaya'),
(17, 'es', 'RSantellan\\SitioBundle\\Entity\\Project', 'tipo_de_trabajo', '6', 'Sitio web con registro de proyectos realizados'),
(18, 'es', 'RSantellan\\SitioBundle\\Entity\\Project', 'description', '6', 'Con este sitio Metalizadora uruguaya puede subir todos los projectos realizados con las categorias que los corresponden sin necesitar a una persona tecnica que lo realice. Todos los textos de la pagina son editable haciendo posible que se vaya cambiando los mismos sin conocimiento previo de HTML o CSS'),
(19, 'es', 'RSantellan\\SitioBundle\\Entity\\Project', 'name', '7', 'CNEA'),
(20, 'es', 'RSantellan\\SitioBundle\\Entity\\Project', 'tipo_de_trabajo', '7', 'Sitio web con registro de personas y instituciones'),
(21, 'es', 'RSantellan\\SitioBundle\\Entity\\Project', 'description', '7', 'Con este sitio CNEA pasa a tener el control de los nuevos registros mediante formularios web, haciendo posible el mejor mantenimiento de los ingresados y las fechas de vencimiento de los mismos. Gracias al manejo de alarmas del Administrador el funcionamiento y las inscripciones se a agilizado'),
(22, 'es', 'RSantellan\\SitioBundle\\Entity\\Project', 'name', '8', 'Surco Uruguay'),
(23, 'es', 'RSantellan\\SitioBundle\\Entity\\Project', 'tipo_de_trabajo', '8', 'Sitio web con una trivia para los escolares del plan ceibal'),
(24, 'es', 'RSantellan\\SitioBundle\\Entity\\Project', 'description', '8', 'Este sitio web esta destinado para que los escolares utilicen aprendan sobre las nuevas normas de vialidad en Uruguay. En la misma van contestan preguntas multiple opción haciendo que el semaforo se prende en relación a las preguntas.'),
(25, 'es', 'RSantellan\\SitioBundle\\Entity\\Project', 'name', '9', 'Data analytics'),
(26, 'es', 'RSantellan\\SitioBundle\\Entity\\Project', 'tipo_de_trabajo', '9', 'Obtención de datos a traves de script para obtener datos de paginas web'),
(27, 'es', 'RSantellan\\SitioBundle\\Entity\\Project', 'description', '9', 'Mediante web scrapping se obtuvieron todos los datos necesarios para popular una base de datos con datos obtenidos de diferentes sitios web'),
(28, 'es', 'RSantellan\\SitioBundle\\Entity\\Project', 'name', '10', 'Rodrigo Santellán'),
(29, 'es', 'RSantellan\\SitioBundle\\Entity\\Project', 'tipo_de_trabajo', '10', 'Sitio institucional'),
(30, 'es', 'RSantellan\\SitioBundle\\Entity\\Project', 'description', '10', '¡Creación del sitio que estas viendo!'),
(31, 'en', 'RSantellan\\SitioBundle\\Entity\\Project', 'name', '1', 'UMS'),
(32, 'en', 'RSantellan\\SitioBundle\\Entity\\Project', 'tipo_de_trabajo', '1', 'Site maintenance'),
(33, 'en', 'RSantellan\\SitioBundle\\Entity\\Project', 'description', '1', 'To this site the initial maintenance was done, so it can go production environment without bugs that made impossible to use it.'),
(34, 'en', 'RSantellan\\SitioBundle\\Entity\\Project', 'name', '2', 'C5 Negocios Inmobiliarios'),
(35, 'en', 'RSantellan\\SitioBundle\\Entity\\Project', 'tipo_de_trabajo', '2', 'Web site to search real states to buy or rent.'),
(36, 'en', 'RSantellan\\SitioBundle\\Entity\\Project', 'description', '2', 'This web site was create for a  real state agency to facilitate the upload of properties so the potential clients can search those online.'),
(37, 'en', 'RSantellan\\SitioBundle\\Entity\\Project', 'name', '3', 'Rent and Chill'),
(38, 'en', 'RSantellan\\SitioBundle\\Entity\\Project', 'tipo_de_trabajo', '3', 'Web site maintenance'),
(39, 'en', 'RSantellan\\SitioBundle\\Entity\\Project', 'description', '3', 'For this web site the initial maintenance was done to ensure that start working. Improvement where made like the creation of a dynamic newsletter generator, integration with PayPal and administrator improvements.'),
(40, 'en', 'RSantellan\\SitioBundle\\Entity\\Project', 'name', '4', 'Airsoft Uruguay'),
(41, 'en', 'RSantellan\\SitioBundle\\Entity\\Project', 'tipo_de_trabajo', '4', 'Creation of the web site and forum'),
(42, 'en', 'RSantellan\\SitioBundle\\Entity\\Project', 'description', '4', 'This web site was created to replace the old forum that was been used. The change to Wordpress was done to make possible that multiple persons without web knowledge start administrating it. \r\nSeveral plugins where adapted so they can manage images, videos and the forum easily. There is a maintenance done monthly so the site runs smoothly.'),
(43, 'en', 'RSantellan\\SitioBundle\\Entity\\Project', 'name', '5', 'Accu-check Uruguay'),
(44, 'en', 'RSantellan\\SitioBundle\\Entity\\Project', 'tipo_de_trabajo', '5', 'Web site for the registration of all the person that has bought a product'),
(45, 'en', 'RSantellan\\SitioBundle\\Entity\\Project', 'description', '5', 'This web site was created to make easy the task of searching all the products that has been sold. This is private for only the employees of the company and it lets search easily the persons that has bought the product. With a system that allow upload the receipts and the search of this one to give the final client and immediate answer of the product his been using.'),
(46, 'en', 'RSantellan\\SitioBundle\\Entity\\Project', 'name', '6', 'Metalizadora Uruguaya'),
(47, 'en', 'RSantellan\\SitioBundle\\Entity\\Project', 'tipo_de_trabajo', '6', 'Web site with the registration of all the project done by Metalizadora Uruguaya'),
(48, 'en', 'RSantellan\\SitioBundle\\Entity\\Project', 'description', '6', 'With this web site Metalizadora Uruguaya can show all the projects that has been done, making it possible to separate them in categories without any technical help. Also they can change all the text and images of the website without previous knowledge of HTML or CSS.'),
(49, 'en', 'RSantellan\\SitioBundle\\Entity\\Project', 'name', '7', 'CNEA'),
(50, 'en', 'RSantellan\\SitioBundle\\Entity\\Project', 'tipo_de_trabajo', '7', 'Web site with registration of persons and institutions.'),
(51, 'en', 'RSantellan\\SitioBundle\\Entity\\Project', 'description', '7', 'With this web site CNEA start to manage all registrations on only one site making it possible the maintenance of registrations and the expire date of those. With an alarm system the administrator can make it more agile the response to those applying.'),
(52, 'en', 'RSantellan\\SitioBundle\\Entity\\Project', 'name', '8', 'Surco Uruguay'),
(53, 'en', 'RSantellan\\SitioBundle\\Entity\\Project', 'tipo_de_trabajo', '8', 'Trivia for kid in schools with the Ceibal project'),
(54, 'en', 'RSantellan\\SitioBundle\\Entity\\Project', 'description', '8', 'This web site has the purpose that old the school kids learn the new traffic rules in Uruguay. The answer different question multiple choice with a traffic light that show if the answer is right or wrong.'),
(55, 'en', 'RSantellan\\SitioBundle\\Entity\\Project', 'name', '9', 'Data analytics'),
(56, 'en', 'RSantellan\\SitioBundle\\Entity\\Project', 'tipo_de_trabajo', '9', 'Data mining of several web sites.'),
(57, 'en', 'RSantellan\\SitioBundle\\Entity\\Project', 'description', '9', 'With web scrapping different data was obtaining to populate a database to feed a Hadoop system.'),
(58, 'en', 'RSantellan\\SitioBundle\\Entity\\Project', 'name', '10', 'Rodrigo Santellan'),
(59, 'en', 'RSantellan\\SitioBundle\\Entity\\Project', 'tipo_de_trabajo', '10', 'Institutional web site'),
(60, 'en', 'RSantellan\\SitioBundle\\Entity\\Project', 'description', '10', 'The web site you are looking at!'),
(61, 'es', 'RSantellan\\SitioBundle\\Entity\\Project', 'name', '11', 'Manejador de Trasplantes'),
(62, 'es', 'RSantellan\\SitioBundle\\Entity\\Project', 'tipo_de_trabajo', '11', 'Sistema para ingresar los trasplantes realizados por el equipo medico del HHEE'),
(63, 'es', 'RSantellan\\SitioBundle\\Entity\\Project', 'description', '11', 'Sistema de escritorio creado para que se pueda ingresar los datos de los trasplantes y sacar estadísticas de los mismos de una manera sencilla.'),
(64, 'es', 'RSantellan\\SitioBundle\\Entity\\Project', 'name', '12', 'Federación Ecuestre Uruguaya'),
(65, 'es', 'RSantellan\\SitioBundle\\Entity\\Project', 'tipo_de_trabajo', '12', 'Se le crea la página institucional de la Federación Ecuestre Uruguaya'),
(66, 'es', 'RSantellan\\SitioBundle\\Entity\\Project', 'description', '12', 'Se migro del sitio viejo hecho en flash a una web responsiva que pueda ser fácilmente editable por el administrador del sitio. El sitio es el siguiente: http://federacionecuestreuruguaya.com.uy/');
SET FOREIGN_KEY_CHECKS=1;

/*!40101 SET CHARACTER_SET_CLIENT=@OLD_CHARACTER_SET_CLIENT */;
/*!40101 SET CHARACTER_SET_RESULTS=@OLD_CHARACTER_SET_RESULTS */;
/*!40101 SET COLLATION_CONNECTION=@OLD_COLLATION_CONNECTION */;
